<?xml version="1.0" encoding="UTF-8"?>
<project-private xmlns="http://www.netbeans.org/ns/project-private/1">
    <editor-bookmarks xmlns="http://www.netbeans.org/ns/editor-bookmarks/2" lastBookmarkId="0"/>
    <open-files xmlns="http://www.netbeans.org/ns/projectui-open-files/2">
        <group>
            <file>file:/C:/Users/jude/Documents/NetBeansProjects/Chat_Application%20JAVA/ChatApplication/src/org/me/myimageapp/MainMenu.java</file>
            <file>file:/C:/Users/jude/Documents/NetBeansProjects/Chat_Application%20JAVA/ChatApplication/src/org/me/myimageapp/iv.png</file>
            <file>file:/C:/Users/jude/Documents/NetBeansProjects/Chat_Application%20JAVA/ChatApplication/src/PeriodicTable.java</file>
            <file>file:/C:/Users/jude/Documents/NetBeansProjects/Chat_Application%20JAVA/ChatApplication/src/org/me/myimageapp/1.png</file>
            <file>file:/C:/Users/jude/Documents/NetBeansProjects/Chat_Application%20JAVA/ChatApplication/src/org/me/myimageapp/GoIncognitoWallpaper.png</file>
            <file>file:/C:/Users/jude/Documents/NetBeansProjects/Chat_Application%20JAVA/ChatApplication/src/org/me/myimageapp/2.png</file>
            <file>file:/C:/Users/jude/Documents/NetBeansProjects/Chat_Application%20JAVA/ChatApplication/src/org/me/myimageapp/CreateCon.java</file>
            <file>file:/C:/Users/jude/Documents/NetBeansProjects/Chat_Application%20JAVA/ChatApplication/src/org/me/myimageapp/createAccount.java</file>
            <file>file:/C:/Users/jude/Documents/NetBeansProjects/Chat_Application%20JAVA/ChatApplication/src/org/me/myimageapp/conPrivate.java</file>
            <file>file:/C:/Users/jude/Documents/NetBeansProjects/Chat_Application%20JAVA/ChatApplication/src/org/me/myimageapp/dev.java</file>
            <file>file:/C:/Users/jude/Documents/NetBeansProjects/Chat_Application%20JAVA/ChatApplication/src/org/me/myimageapp/ad.png</file>
            <file>file:/C:/Users/jude/Documents/NetBeansProjects/Chat_Application%20JAVA/ChatApplication/src/org/me/myimageapp/ImageDisplay.java</file>
        </group>
    </open-files>
</project-private>
